time,price,pct,flag
"03/26/2021, 21:33:21",$0.01094,10.03%,True
"03/26/2021, 21:33:21",$0.01094,10.03%,True
"03/27/2021, 02:16:12",$0.01092,9.79%,False
"03/27/2021, 02:21:00",$0.01092,9.79%,False
"03/27/2021, 02:43:13",$0.01073,6.18%,False
"03/27/2021, 02:49:24",$0.01074,7.16%,False
"03/27/2021, 03:15:45",$0.01077,7.92%,False
"03/27/2021, 03:17:20",$0.01077,7.92%,False
"03/27/2021, 03:18:19",$0.01077,7.92%,False
"03/27/2021, 03:20:59",$0.01077,7.92%,False
"03/27/2021, 03:22:07",$0.01077,7.92%,False
"03/27/2021, 03:25:17",$0.01077,7.92%,False
"03/27/2021, 03:27:05",$0.01076,9.38%,False
"03/27/2021, 03:28:29",$0.01076,9.38%,True
"03/27/2021, 03:33:38",$0.01074,7.16%,False
"03/27/2021, 03:35:06",$0.01074,7.16%,False
"03/27/2021, 03:36:59",$0.01074,7.16%,False
"03/27/2021, 03:38:07",$0.01074,7.16%,False
"03/27/2021, 03:43:04",$0.01076,6.40%,False
"03/26/2021, 23:44:45",$0.01076,6.40%,False
"03/26/2021, 23:46:35",$0.01076,6.40%,False
"03/26/2021, 23:48:16",$0.01075,12.72%,False
"03/26/2021, 23:50:38",$0.01075,12.72%,False
"03/26/2021, 23:52:05",$0.01075,12.72%,False
"03/26/2021, 23:55:50",$0.01079,22.68%,False
"03/26/2021, 23:56:26",$0.01079,22.68%,False
"03/26/2021, 23:59:06",$0.01079,22.68%,False
"03/27/2021, 00:00:41",$0.01079,22.68%,False
"03/27/2021, 00:02:41",$0.01079,21.96%,False
"03/27/2021, 00:04:48",$0.01079,21.96%,False
"03/27/2021, 00:07:48",$0.01079,22.70%,False
"03/27/2021, 00:09:28",$0.01079,22.70%,False
"03/27/2021, 00:11:13",$0.01079,22.70%,False
"03/27/2021, 00:12:48",$0.01079,22.70%,False
"03/27/2021, 00:17:48",$0.01073,21.25%,False
"03/27/2021, 00:18:04",$0.01073,21.25%,False
"03/27/2021, 00:20:18",$0.01073,21.25%,False
"03/27/2021, 00:24:51",$0.01077,16.10%,False
"03/27/2021, 00:27:44",$0.01077,16.10%,False
"03/27/2021, 00:29:17",$0.01077,16.10%,False
"03/27/2021, 00:31:52",$0.01078,14.46%,False
"03/27/2021, 00:32:50",$0.01078,14.46%,False
"03/27/2021, 00:35:23",$0.01078,14.46%,False
"03/27/2021, 00:36:31",$0.01078,14.46%,False
"03/27/2021, 00:38:39",$0.0108,13.25%,False
"03/27/2021, 00:41:50",$0.0108,13.25%,False
"03/27/2021, 00:42:39",$0.0108,13.25%,False
"03/27/2021, 01:02:45",$0.0108,14.30%,False
"03/27/2021, 01:04:32",$0.0108,14.30%,False
"03/27/2021, 01:06:33",$0.0108,14.30%,False
"03/27/2021, 01:13:44",$0.01077,13.17%,False
"03/27/2021, 01:15:17",$0.01077,13.17%,False
"03/27/2021, 01:16:33",$0.01077,13.17%,False
"03/27/2021, 01:18:47",$0.01076,12.84%,False
"03/27/2021, 01:23:01",$0.01076,12.84%,False
"03/27/2021, 01:24:49",$0.01077,11.94%,False
"03/27/2021, 01:26:33",$0.01077,11.94%,False
"03/27/2021, 01:29:47",$0.01077,11.94%,False
"03/27/2021, 01:31:34",$0.01077,11.51%,False
"03/27/2021, 01:32:49",$0.01077,11.51%,False
"03/27/2021, 01:34:26",$0.01077,11.51%,False
"03/27/2021, 01:37:14",$0.01077,11.51%,False
"03/27/2021, 01:38:40",$0.01077,11.51%,False
"03/27/2021, 01:41:25",$0.01077,11.51%,False
"03/27/2021, 01:44:38",$0.01087,13.07%,False
"03/27/2021, 01:46:53",$0.01087,13.07%,False
"03/27/2021, 01:49:15",$0.01087,13.07%,False
"03/27/2021, 01:50:15",$0.01179,23.22%,True
"03/27/2021, 01:53:18",$0.01179,23.22%,False
"03/27/2021, 01:54:33",$0.01179,23.22%,False
"03/27/2021, 01:58:25",$0.01182,24.22%,False
"03/27/2021, 02:00:09",$0.01182,24.22%,False
"03/27/2021, 02:02:17",$0.01182,24.22%,False
"03/27/2021, 02:08:33",$0.01157,26.32%,False
"03/27/2021, 02:10:08",$0.01157,26.32%,False
"03/27/2021, 02:12:34",$0.01157,26.32%,False
"03/27/2021, 02:15:14",$0.01186,29.92%,False
"03/27/2021, 02:18:50",$0.01186,29.92%,False
"03/27/2021, 02:20:35",$0.01178,29.85%,False
"03/27/2021, 02:22:32",$0.01178,29.85%,False
"03/27/2021, 02:25:06",$0.01178,29.85%,False
"03/27/2021, 02:29:09",$0.01186,30.55%,False
"03/27/2021, 02:31:41",$0.01186,30.55%,False
"03/27/2021, 02:33:50",$0.01186,30.55%,False
"03/27/2021, 02:34:03",$0.01186,30.55%,False
"03/27/2021, 02:37:34",$0.01191,31.77%,False
"03/27/2021, 02:38:23",$0.01191,31.77%,False
"03/27/2021, 02:42:08",$0.01191,31.77%,False
"03/27/2021, 02:45:15",$0.01185,30.52%,False
"03/27/2021, 02:46:16",$0.01185,30.52%,False
"03/27/2021, 02:48:55",$0.01185,30.52%,False
"03/27/2021, 02:50:31",$0.01192,31.77%,False
"03/27/2021, 02:52:24",$0.01192,31.77%,False
"03/27/2021, 02:55:18",$0.01192,31.77%,False
"03/27/2021, 02:56:31",$0.0119,26.58%,False
"03/27/2021, 02:59:17",$0.0119,26.58%,False
"03/27/2021, 03:01:17",$0.0119,26.58%,False
"03/27/2021, 03:03:23",$0.01187,26.60%,False
"03/27/2021, 03:04:49",$0.01187,26.60%,False
"03/27/2021, 03:06:25",$0.01187,26.60%,False
"03/27/2021, 03:08:44",$0.01187,26.60%,False
"03/27/2021, 03:11:29",$0.01187,26.60%,False
"03/27/2021, 03:13:48",$0.01189,27.16%,False
"03/27/2021, 03:17:45",$0.01189,27.16%,False
"03/27/2021, 03:19:47",$0.0119,26.81%,False
"03/27/2021, 03:21:39",$0.0119,26.81%,False
"03/27/2021, 03:22:46",$0.0119,26.81%,False
"03/27/2021, 03:25:41",$0.01181,25.12%,False
"03/27/2021, 03:26:26",$0.01181,25.12%,False
"03/27/2021, 03:28:05",$0.01181,25.12%,False
"03/27/2021, 03:31:43",$0.01171,24.62%,False
"03/27/2021, 03:33:46",$0.01171,24.62%,False
"03/27/2021, 03:34:15",$0.01171,24.62%,False
"03/27/2021, 03:37:45",$0.01178,25.68%,False
"03/27/2021, 03:39:31",$0.01178,25.68%,False
"03/27/2021, 03:41:39",$0.01178,25.68%,False
"03/27/2021, 03:42:14",$0.01178,25.68%,False
"03/27/2021, 03:44:35",$0.01171,25.38%,False
"03/27/2021, 03:47:35",$0.01171,25.38%,False
"03/27/2021, 03:50:56",$0.01179,26.00%,False
"03/27/2021, 03:54:20",$0.01179,26.00%,False
"03/27/2021, 03:59:45",$0.01189,26.49%,False
"03/27/2021, 04:01:42",$0.01189,26.49%,False
"03/27/2021, 04:02:30",$0.01189,26.49%,False
"03/27/2021, 04:05:38",$0.01189,26.49%,False
"03/27/2021, 04:07:49",$0.01189,26.49%,False
"03/27/2021, 04:08:51",$0.01189,26.49%,False
"03/27/2021, 04:12:10",$0.01181,26.41%,False
"03/27/2021, 04:14:19",$0.01181,26.41%,False
"03/27/2021, 04:17:32",$0.01182,25.69%,False
"03/27/2021, 04:19:18",$0.01182,25.69%,False
"03/27/2021, 04:20:07",$0.01182,25.69%,False
"03/27/2021, 04:24:56",$0.0118,24.54%,False
"03/27/2021, 04:27:47",$0.0118,24.54%,False
"03/27/2021, 04:28:58",$0.0118,24.54%,False
"03/27/2021, 04:31:13",$0.01167,22.23%,False
"03/27/2021, 04:32:50",$0.01167,22.23%,False
"03/27/2021, 04:35:13",$0.01167,22.23%,False
"03/27/2021, 04:36:15",$0.01167,22.23%,False
"03/27/2021, 04:39:45",$0.01167,22.23%,False
"03/27/2021, 04:41:21",$0.01208,25.24%,False
"03/27/2021, 04:42:54",$0.01208,25.24%,False
"03/27/2021, 04:47:23",$0.01212,26.35%,False
"03/27/2021, 04:49:39",$0.01212,26.35%,False
"03/27/2021, 04:51:31",$0.01212,26.35%,False
"03/27/2021, 04:54:38",$0.0121,26.26%,False
"03/27/2021, 04:56:37",$0.0121,26.26%,False
"03/27/2021, 04:59:28",$0.0121,26.26%,False
"03/27/2021, 05:00:06",$0.01211,25.65%,False
"03/27/2021, 05:03:26",$0.01211,25.65%,False
"03/27/2021, 05:04:27",$0.01211,25.65%,False
"03/27/2021, 05:07:38",$0.01222,25.14%,False
"03/27/2021, 05:08:34",$0.01222,25.14%,False
"03/27/2021, 05:11:44",$0.01222,25.14%,False
"03/27/2021, 05:12:57",$0.01218,24.52%,False
"03/27/2021, 05:14:18",$0.01218,24.52%,False
"03/27/2021, 05:17:43",$0.01218,24.52%,False
"03/27/2021, 05:19:15",$0.01216,24.72%,False
"03/27/2021, 05:20:50",$0.01216,24.72%,False
"03/27/2021, 05:22:16",$0.01216,24.72%,False
"03/27/2021, 05:24:23",$0.01213,25.47%,False
"03/27/2021, 05:26:06",$0.01213,25.47%,False
"03/27/2021, 05:29:41",$0.01211,24.74%,False
"03/27/2021, 05:31:37",$0.01211,24.74%,False
"03/27/2021, 05:33:41",$0.01211,24.74%,False
"03/27/2021, 05:35:08",$0.01211,24.74%,False
"03/27/2021, 05:36:33",$0.01211,24.74%,False
"03/27/2021, 05:39:27",$0.01211,24.74%,False
"03/27/2021, 05:41:01",$0.01216,25.92%,False
"03/27/2021, 05:44:04",$0.01216,25.92%,False
"03/27/2021, 05:47:35",$0.01223,26.03%,False
"03/27/2021, 05:48:28",$0.01223,26.03%,False
"03/27/2021, 05:51:17",$0.01223,26.03%,False
"03/27/2021, 05:52:41",$0.01218,27.40%,False
"03/27/2021, 05:55:39",$0.01218,27.40%,False
"03/27/2021, 05:56:45",$0.01218,27.40%,False
"03/27/2021, 05:58:47",$0.01209,27.43%,False
"03/27/2021, 06:00:23",$0.01209,27.43%,False
"03/27/2021, 06:02:18",$0.01209,27.43%,False
"03/27/2021, 06:05:51",$0.01217,27.03%,False
"03/27/2021, 06:06:24",$0.01217,27.03%,False
"03/27/2021, 06:13:28",$0.01212,26.69%,False
"03/27/2021, 06:15:17",$0.01212,26.69%,False
"03/27/2021, 06:16:16",$0.01212,26.69%,False
"03/27/2021, 06:19:09",$0.01218,26.76%,False
"03/27/2021, 06:20:50",$0.01218,26.76%,False
"03/27/2021, 06:23:43",$0.01218,26.76%,False
"03/27/2021, 06:24:14",$0.01218,26.76%,False
"03/27/2021, 06:26:39",$0.01218,26.76%,False
"03/27/2021, 06:31:24",$0.01225,30.17%,False
"03/27/2021, 06:33:49",$0.01225,30.17%,False
"03/27/2021, 06:35:39",$0.01225,30.17%,False
"03/27/2021, 06:36:19",$0.01225,30.17%,False
"03/27/2021, 06:38:40",$0.01219,29.94%,False
"03/27/2021, 06:41:03",$0.01219,29.94%,False
"03/27/2021, 06:42:55",$0.01219,29.94%,False
"03/27/2021, 06:45:21",$0.01224,29.12%,False
"03/27/2021, 06:46:43",$0.01224,29.12%,False
"03/27/2021, 06:51:51",$0.01217,28.73%,False
"03/27/2021, 06:52:28",$0.01217,28.73%,False
"03/27/2021, 06:55:15",$0.01217,28.73%,False
"03/27/2021, 06:56:40",$0.01217,28.73%,False
"03/27/2021, 06:58:23",$0.01219,30.12%,False
"03/27/2021, 07:00:09",$0.01219,30.12%,False
"03/27/2021, 07:03:05",$0.01219,30.12%,False
"03/27/2021, 07:05:33",$0.01213,29.15%,False
"03/27/2021, 07:06:28",$0.01213,29.15%,False
"03/27/2021, 07:08:53",$0.01213,29.15%,False
"03/27/2021, 07:10:15",$0.01213,29.15%,False
"03/27/2021, 07:16:21",$0.01214,28.99%,False
"03/27/2021, 07:18:28",$0.01214,28.99%,False
"03/27/2021, 07:21:39",$0.01214,28.99%,False
"03/27/2021, 07:25:08",$0.01214,28.99%,False
"03/27/2021, 07:27:37",$0.01218,27.62%,False
"03/27/2021, 07:29:37",$0.01218,27.62%,False
"03/27/2021, 07:31:18",$0.01218,27.62%,False
"03/27/2021, 07:32:30",$0.01218,27.62%,False
"03/27/2021, 07:34:46",$0.01311,38.01%,True
"03/27/2021, 07:36:54",$0.01311,38.01%,False
"03/27/2021, 07:38:21",$0.01311,38.01%,False
"03/27/2021, 07:41:40",$0.01307,37.03%,False
"03/27/2021, 07:42:46",$0.01307,37.03%,False
"03/27/2021, 07:45:50",$0.01307,37.03%,False
"03/27/2021, 07:47:13",$0.0131,37.57%,False
"03/27/2021, 07:48:57",$0.0131,37.57%,False
"03/27/2021, 07:51:01",$0.0131,37.57%,False
"03/27/2021, 07:52:18",$0.0131,37.57%,False
"03/27/2021, 07:55:13",$0.0131,37.57%,False
"03/27/2021, 07:57:43",$0.01309,38.76%,False
"03/27/2021, 07:59:16",$0.01309,38.76%,False
"03/27/2021, 08:02:48",$0.01308,38.19%,False
"03/27/2021, 08:04:53",$0.01308,38.19%,False
"03/27/2021, 08:06:47",$0.01308,38.19%,False
"03/27/2021, 08:08:30",$0.013,36.91%,False
"03/27/2021, 08:11:10",$0.013,36.91%,False
"03/27/2021, 08:12:03",$0.013,36.91%,False
"03/27/2021, 08:15:10",$0.01304,36.65%,False
"03/27/2021, 08:18:24",$0.01304,36.65%,False
"03/27/2021, 08:20:36",$0.013,36.56%,False
"03/27/2021, 08:23:45",$0.013,36.56%,False
"03/27/2021, 08:24:30",$0.013,36.56%,False
"03/27/2021, 08:26:59",$0.01296,35.78%,False
"03/27/2021, 08:29:02",$0.01296,35.78%,False
"03/27/2021, 08:31:47",$0.01296,35.78%,False
"03/27/2021, 08:32:44",$0.01294,35.38%,False
"03/27/2021, 08:34:40",$0.01294,35.38%,False
"03/27/2021, 08:37:03",$0.01294,35.38%,False
"03/27/2021, 08:39:00",$0.01303,36.38%,False
"03/27/2021, 08:40:03",$0.01303,36.38%,False
"03/27/2021, 08:49:13",$0.01299,35.08%,False
"03/27/2021, 08:50:36",$0.01299,35.08%,False
"03/27/2021, 08:52:15",$0.01299,35.08%,False
"03/27/2021, 08:54:54",$0.01301,37.08%,False
"03/27/2021, 08:56:25",$0.01301,37.08%,False
"03/27/2021, 08:59:36",$0.01301,37.08%,False
"03/27/2021, 09:01:19",$0.013,29.24%,False
"03/27/2021, 09:02:36",$0.013,29.24%,False
"03/27/2021, 09:05:50",$0.013,29.24%,False
"03/27/2021, 09:06:46",$0.01306,30.75%,False
"03/27/2021, 09:09:05",$0.01306,30.75%,False
"03/27/2021, 09:11:28",$0.01306,30.75%,False
"03/27/2021, 09:14:45",$0.01319,30.77%,False
"03/27/2021, 09:17:16",$0.01319,30.77%,False
"03/27/2021, 09:18:17",$0.01319,30.77%,False
"03/27/2021, 09:21:34",$0.01311,30.74%,False
"03/27/2021, 09:23:12",$0.01311,30.74%,False
"03/27/2021, 09:25:16",$0.01311,30.74%,False
"03/27/2021, 09:27:17",$0.01313,29.14%,False
"03/27/2021, 09:28:51",$0.01313,29.14%,False
"03/27/2021, 09:31:28",$0.01313,29.14%,False
"03/27/2021, 09:33:34",$0.01304,28.18%,False
"03/27/2021, 09:36:56",$0.01304,28.18%,False
"03/27/2021, 09:40:37",$0.01311,29.58%,False
"03/27/2021, 09:43:06",$0.01311,29.58%,False
"03/27/2021, 09:44:18",$0.01311,29.58%,False
"03/27/2021, 09:47:35",$0.01336,30.75%,False
"03/27/2021, 09:48:04",$0.01336,30.75%,False
"03/27/2021, 09:50:48",$0.01336,30.75%,False
"03/27/2021, 09:53:07",$0.01336,30.75%,False
"03/27/2021, 09:55:18",$0.01336,30.75%,False
"03/27/2021, 09:56:16",$0.01336,30.75%,False
"03/27/2021, 10:01:03",$0.01337,31.56%,False
"03/27/2021, 10:03:03",$0.01337,31.56%,False
"03/27/2021, 10:04:29",$0.01337,31.56%,False
"03/27/2021, 10:07:14",$0.01342,32.82%,False
"03/27/2021, 10:10:55",$0.01342,32.82%,False
"03/27/2021, 10:12:17",$0.01339,33.20%,False
"03/27/2021, 10:15:01",$0.01339,33.20%,False
"03/27/2021, 10:16:55",$0.01339,33.20%,False
"03/27/2021, 10:19:48",$0.01339,33.67%,False
"03/27/2021, 10:21:20",$0.01339,33.67%,False
"03/27/2021, 10:22:20",$0.01339,33.67%,False
"03/27/2021, 10:24:08",$0.01339,33.67%,False
"03/27/2021, 10:29:00",$0.01338,31.11%,False
"03/27/2021, 10:31:30",$0.01338,31.11%,False
"03/27/2021, 10:32:59",$0.01337,31.89%,False
"03/27/2021, 10:34:23",$0.01337,31.89%,False
"03/27/2021, 10:37:05",$0.01337,31.89%,False
"03/27/2021, 10:40:33",$0.01342,33.75%,False
"03/27/2021, 10:42:19",$0.01342,33.75%,False
"03/27/2021, 10:45:19",$0.01342,33.75%,False
"03/27/2021, 10:47:16",$0.01336,32.96%,False
"03/27/2021, 10:49:22",$0.01336,32.96%,False
"03/27/2021, 10:51:16",$0.01336,32.96%,False
"03/27/2021, 10:52:36",$0.01328,31.78%,False
"03/27/2021, 10:56:34",$0.01328,31.78%,False
"03/27/2021, 10:58:07",$0.01327,29.84%,False
"03/27/2021, 11:03:19",$0.01327,29.84%,False
"03/27/2021, 11:04:33",$0.01327,29.84%,False
"03/27/2021, 11:08:13",$0.01327,29.84%,False
"03/27/2021, 11:10:20",$0.01334,32.62%,False
"03/27/2021, 11:12:16",$0.01334,32.62%,False
"03/27/2021, 11:14:11",$0.01334,32.62%,False
"03/27/2021, 11:17:03",$0.01329,32.18%,False
"03/27/2021, 11:18:42",$0.01329,32.18%,False
"03/27/2021, 11:20:29",$0.01329,32.18%,False
"03/27/2021, 11:23:27",$0.01302,29.30%,False
"03/27/2021, 11:26:31",$0.01302,29.30%,False
"03/27/2021, 11:29:05",$0.01299,30.01%,False
"03/27/2021, 11:31:15",$0.01299,30.01%,False
"03/27/2021, 11:33:27",$0.01299,30.01%,False
"03/27/2021, 11:34:04",$0.01299,30.01%,False
"03/27/2021, 11:36:08",$0.01294,28.50%,False
"03/27/2021, 11:38:19",$0.01294,28.50%,False
"03/27/2021, 11:40:03",$0.01294,28.50%,False
"03/27/2021, 11:43:39",$0.01299,29.52%,False
"03/27/2021, 11:45:02",$0.01299,29.52%,False
"03/27/2021, 11:47:39",$0.01299,29.52%,False
"03/27/2021, 11:49:20",$0.01311,28.87%,False
"03/27/2021, 11:51:27",$0.01311,28.87%,False
"03/27/2021, 11:55:44",$0.01311,29.76%,False
"03/27/2021, 11:58:14",$0.01311,29.76%,False
"03/27/2021, 12:01:32",$0.01299,29.66%,False
"03/27/2021, 12:02:06",$0.01299,29.66%,False
"03/27/2021, 12:04:43",$0.01299,29.66%,False
"03/27/2021, 12:06:41",$0.01301,29.04%,False
"03/27/2021, 12:09:07",$0.01301,29.04%,False
"03/27/2021, 12:10:43",$0.01301,29.04%,False
"03/27/2021, 12:12:13",$0.01291,29.10%,False
"03/27/2021, 12:14:26",$0.01291,29.10%,False
"03/27/2021, 12:16:21",$0.01291,29.10%,False
"03/27/2021, 12:19:27",$0.01288,28.45%,False
"03/27/2021, 12:20:19",$0.01288,28.45%,False
"03/27/2021, 12:23:45",$0.01288,28.45%,False
"03/27/2021, 12:25:35",$0.01288,29.44%,False
"03/27/2021, 12:26:30",$0.01288,29.44%,False
"03/27/2021, 12:28:44",$0.01288,29.44%,False
"03/27/2021, 12:31:19",$0.01288,29.75%,False
"03/27/2021, 12:35:01",$0.01288,29.75%,False
"03/27/2021, 12:37:33",$0.01297,31.23%,False
"03/27/2021, 12:39:48",$0.01297,31.23%,False
"03/27/2021, 12:41:44",$0.01297,31.23%,False
"03/27/2021, 12:42:23",$0.01297,31.23%,False
"03/27/2021, 12:45:31",$0.01303,30.36%,False
"03/27/2021, 12:47:08",$0.01303,30.36%,False
"03/27/2021, 12:48:57",$0.01303,30.36%,False
"03/27/2021, 12:53:25",$0.01302,30.40%,False
"03/27/2021, 12:57:23",$0.01302,30.40%,False
"03/27/2021, 12:59:25",$0.01315,31.89%,False
"03/27/2021, 13:00:38",$0.01315,31.89%,False
"03/27/2021, 13:04:59",$0.01311,32.04%,False
"03/27/2021, 13:06:38",$0.01311,32.04%,False
"03/27/2021, 13:09:25",$0.01311,32.04%,False
"03/27/2021, 13:12:20",$0.01307,32.38%,False
"03/27/2021, 13:14:11",$0.01307,32.38%,False
"03/27/2021, 13:17:12",$0.01307,32.38%,False
"03/27/2021, 13:18:13",$0.01301,30.70%,False
"03/27/2021, 13:20:35",$0.01301,30.70%,False
"03/27/2021, 13:23:51",$0.01297,30.43%,False
"03/27/2021, 13:24:07",$0.01297,30.43%,False
"03/27/2021, 13:27:24",$0.01297,30.43%,False
"03/27/2021, 13:29:50",$0.01307,31.87%,False
"03/27/2021, 13:30:37",$0.01307,31.87%,False
"03/27/2021, 13:32:50",$0.01307,31.87%,False
"03/27/2021, 13:34:28",$0.01307,31.87%,False
"03/27/2021, 13:36:47",$0.01309,30.32%,False
"03/27/2021, 13:39:22",$0.01309,30.32%,False
"03/27/2021, 13:41:31",$0.01309,30.32%,False
"03/27/2021, 13:42:34",$0.01307,29.94%,False
"03/27/2021, 13:45:10",$0.01307,29.94%,False
"03/27/2021, 13:47:06",$0.01307,29.94%,False
"03/27/2021, 13:48:06",$0.01307,29.94%,False
"03/27/2021, 13:52:57",$0.01307,29.94%,False
"03/27/2021, 13:54:04",$0.01277,24.04%,False
"03/27/2021, 13:56:16",$0.01277,24.04%,False
"03/27/2021, 13:59:04",$0.01277,24.04%,False
"03/27/2021, 14:01:21",$0.01229,18.83%,True
"03/27/2021, 14:03:13",$0.01229,18.83%,False
"03/27/2021, 14:05:32",$0.01229,18.83%,False
"03/27/2021, 14:07:35",$0.0131,24.24%,True
"03/27/2021, 14:09:21",$0.0131,24.24%,False
"03/27/2021, 14:10:56",$0.0131,24.24%,False
"03/27/2021, 14:13:09",$0.01295,22.47%,False
"03/27/2021, 14:14:59",$0.01295,22.47%,False
"03/27/2021, 14:17:46",$0.01295,22.47%,False
"03/27/2021, 14:19:07",$0.01293,21.88%,False
"03/27/2021, 14:20:03",$0.01293,21.88%,False
"03/27/2021, 14:23:21",$0.01293,21.88%,False
"03/27/2021, 14:24:59",$0.01288,21.27%,False
"03/27/2021, 14:27:50",$0.01288,21.27%,False
"03/27/2021, 14:29:26",$0.01288,21.27%,False
"03/27/2021, 14:31:48",$0.01295,21.25%,False
"03/27/2021, 14:32:33",$0.01295,21.25%,False
"03/27/2021, 14:38:30",$0.01298,22.75%,False
"03/27/2021, 14:40:36",$0.01298,22.75%,False
"03/27/2021, 14:42:50",$0.01298,22.75%,False
"03/27/2021, 14:44:16",$0.01298,22.75%,False
"03/27/2021, 14:46:49",$0.01298,22.75%,False
"03/27/2021, 14:49:49",$0.01302,23.43%,False
"03/27/2021, 14:51:40",$0.01302,23.43%,False
"03/27/2021, 14:53:24",$0.01302,23.43%,False
"03/27/2021, 14:55:15",$0.01299,22.12%,False
"03/27/2021, 14:56:58",$0.01299,22.12%,False
"03/27/2021, 14:58:45",$0.01299,22.12%,False
"03/27/2021, 15:01:18",$0.01303,24.43%,False
"03/27/2021, 15:03:37",$0.01303,24.43%,False
"03/27/2021, 15:05:22",$0.01303,24.43%,False
"03/27/2021, 15:07:46",$0.01296,23.79%,False
"03/27/2021, 15:09:39",$0.01296,23.79%,False
"03/27/2021, 15:11:51",$0.01296,23.79%,False
"03/27/2021, 15:13:07",$0.01296,23.79%,False
"03/27/2021, 15:15:24",$0.01296,23.79%,False
"03/27/2021, 15:17:34",$0.01296,23.79%,False
"03/27/2021, 15:19:17",$0.01291,22.83%,False
"03/27/2021, 15:20:30",$0.01291,22.83%,False
"03/27/2021, 15:22:49",$0.01291,22.83%,False
"03/27/2021, 15:24:27",$0.01291,22.83%,False
"03/27/2021, 15:28:44",$0.01291,22.83%,False
"03/27/2021, 15:30:50",$0.01288,21.88%,False
"03/27/2021, 15:33:29",$0.01288,21.88%,False
"03/27/2021, 15:34:15",$0.01288,21.88%,False
"03/27/2021, 15:36:06",$0.01283,20.27%,False
"03/27/2021, 15:40:05",$0.01283,20.27%,False
"03/27/2021, 15:42:18",$0.01293,19.78%,False
"03/27/2021, 15:44:50",$0.01293,19.78%,False
"03/27/2021, 15:46:59",$0.01293,19.78%,False
"03/27/2021, 15:48:05",$0.01296,20.91%,False
"03/27/2021, 15:50:12",$0.01296,20.91%,False
"03/27/2021, 15:53:48",$0.01296,20.91%,False
"03/27/2021, 15:55:08",$0.01296,20.91%,False
"03/27/2021, 15:56:08",$0.01296,20.91%,False
"03/27/2021, 15:59:41",$0.01298,21.39%,False
"03/27/2021, 16:01:23",$0.01298,21.39%,False
"03/27/2021, 16:03:24",$0.01298,21.39%,False
"03/27/2021, 16:07:00",$0.01291,19.49%,False
"03/27/2021, 16:09:16",$0.01291,19.49%,False
"03/27/2021, 16:11:19",$0.01291,19.49%,False
"03/27/2021, 16:13:17",$0.01285,19.22%,False
"03/27/2021, 16:15:37",$0.01285,19.22%,False
"03/27/2021, 16:18:16",$0.01285,19.22%,False
"03/27/2021, 16:22:35",$0.01281,18.75%,False
"03/27/2021, 16:26:39",$0.01281,18.75%,False
"03/27/2021, 16:28:33",$0.01297,20.07%,False
"03/27/2021, 16:31:24",$0.01297,20.07%,False
"03/27/2021, 16:33:04",$0.01297,20.07%,False
"03/27/2021, 16:34:28",$0.0129,19.49%,False
"03/27/2021, 16:36:14",$0.0129,19.49%,False
"03/27/2021, 16:39:07",$0.0129,19.49%,False
"03/27/2021, 16:40:34",$0.01303,16.73%,False
"03/27/2021, 16:43:44",$0.01303,16.73%,False
"03/27/2021, 16:46:03",$0.01303,16.73%,False
"03/27/2021, 16:48:56",$0.01303,16.73%,False
"03/27/2021, 16:52:09",$0.01311,17.41%,False
"03/27/2021, 16:54:40",$0.01311,17.41%,False
"03/27/2021, 16:56:12",$0.01311,17.41%,False
"03/27/2021, 16:59:14",$0.01316,15.73%,False
"03/27/2021, 17:01:42",$0.01316,15.73%,False
"03/27/2021, 17:03:13",$0.01316,15.73%,False
"03/27/2021, 17:04:47",$0.01321,16.88%,False
"03/27/2021, 17:08:34",$0.01321,16.88%,False
"03/27/2021, 17:11:48",$0.01326,16.52%,False
"03/27/2021, 17:13:03",$0.01326,16.52%,False
"03/27/2021, 17:14:53",$0.01326,16.52%,False
"03/27/2021, 17:16:34",$0.01326,16.52%,False
"03/27/2021, 17:18:49",$0.0133,16.62%,False
"03/27/2021, 17:21:44",$0.0133,16.62%,False
"03/27/2021, 17:22:25",$0.0133,16.62%,False
"03/27/2021, 17:24:49",$0.01323,15.12%,False
"03/27/2021, 17:26:06",$0.01323,15.12%,False
"03/27/2021, 17:28:27",$0.01323,15.12%,False
"03/27/2021, 17:30:27",$0.01322,16.04%,False
"03/27/2021, 17:32:36",$0.01322,16.04%,False
"03/27/2021, 17:35:13",$0.01322,16.04%,False
"03/27/2021, 17:37:40",$0.01331,16.28%,False
"03/27/2021, 17:38:35",$0.01331,16.28%,False
"03/27/2021, 17:41:06",$0.01331,16.28%,False
"03/27/2021, 17:42:04",$0.01331,16.28%,False
"03/27/2021, 17:46:39",$0.01332,12.27%,False
"03/27/2021, 17:49:36",$0.01332,12.27%,False
"03/27/2021, 17:50:44",$0.01332,12.27%,False
"03/27/2021, 17:52:51",$0.01345,13.27%,False
"03/27/2021, 17:54:35",$0.01345,13.27%,False
"03/27/2021, 17:56:34",$0.01345,13.27%,False
"03/27/2021, 17:58:54",$0.01327,12.69%,False
"03/27/2021, 18:00:45",$0.01327,12.69%,False
"03/27/2021, 18:04:29",$0.01334,13.11%,False
"03/27/2021, 18:06:56",$0.01334,13.11%,False
"03/27/2021, 18:09:14",$0.01334,13.11%,False
"03/27/2021, 18:10:27",$0.01321,14.44%,False
"03/27/2021, 18:12:05",$0.01321,14.44%,False
"03/27/2021, 18:14:23",$0.01321,14.44%,False
"03/27/2021, 18:17:19",$0.01298,13.01%,False
"03/27/2021, 18:18:43",$0.01298,13.01%,False
"03/27/2021, 18:20:53",$0.01298,13.01%,False
"03/27/2021, 18:22:56",$0.01298,13.01%,False
"03/27/2021, 18:24:15",$0.01298,13.01%,False
"03/27/2021, 18:26:13",$0.01298,13.01%,False
"03/27/2021, 18:28:16",$0.01375,19.45%,True
"03/27/2021, 18:31:19",$0.01375,19.45%,False
"03/27/2021, 18:33:40",$0.01363,16.59%,False
"03/27/2021, 18:36:46",$0.01363,16.59%,False
"03/27/2021, 18:38:07",$0.01363,16.59%,False
"03/27/2021, 18:40:45",$0.01362,18.13%,False
"03/27/2021, 18:43:19",$0.01362,18.13%,False
"03/27/2021, 18:45:28",$0.01362,18.13%,False
"03/27/2021, 18:47:14",$0.01367,18.84%,False
"03/27/2021, 18:49:17",$0.01367,18.84%,False
"03/27/2021, 18:50:31",$0.01367,18.84%,False
"03/27/2021, 18:52:54",$0.01367,17.91%,False
"03/27/2021, 18:54:23",$0.01367,17.91%,False
"03/27/2021, 18:58:59",$0.01359,15.54%,False
"03/27/2021, 19:00:04",$0.01359,15.54%,False
"03/27/2021, 19:02:22",$0.01359,15.54%,False
"03/27/2021, 19:05:50",$0.01354,15.05%,False
"03/27/2021, 19:06:38",$0.01354,15.05%,False
"03/27/2021, 19:09:15",$0.01354,15.05%,False
"03/27/2021, 19:11:04",$0.01344,7.54%,False
"03/27/2021, 19:13:20",$0.01344,7.54%,False
"03/27/2021, 19:14:22",$0.01344,7.54%,False
"03/27/2021, 19:17:06",$0.01348,7.27%,False
"03/27/2021, 19:19:13",$0.01348,7.27%,False
"03/27/2021, 19:20:06",$0.01348,7.27%,False
"03/27/2021, 19:22:49",$0.01359,7.94%,False
"03/27/2021, 19:24:44",$0.01359,7.94%,False
"03/27/2021, 19:27:07",$0.01359,7.94%,False
"03/27/2021, 19:28:51",$0.01362,9.35%,False
"03/27/2021, 19:30:23",$0.01362,9.35%,False
"03/27/2021, 19:33:04",$0.01362,9.35%,False
"03/27/2021, 19:37:07",$0.01353,8.79%,False
"03/27/2021, 19:38:23",$0.01353,8.79%,False
"03/27/2021, 19:42:09",$0.01369,9.82%,False
"03/27/2021, 19:46:04",$0.01369,9.82%,False
"03/27/2021, 19:49:17",$0.01368,5.22%,False
"03/27/2021, 19:51:23",$0.01368,5.22%,False
"03/27/2021, 19:52:28",$0.01368,5.22%,False
"03/27/2021, 19:56:44",$0.01358,4.80%,False
"03/27/2021, 19:58:48",$0.01358,4.80%,False
"03/27/2021, 20:00:46",$0.01358,4.80%,False
"03/27/2021, 20:03:47",$0.01356,4.97%,False
"03/27/2021, 20:05:43",$0.01356,4.97%,False
"03/27/2021, 20:06:53",$0.01356,4.97%,False
"03/27/2021, 20:09:20",$0.01354,4.76%,False
"03/27/2021, 20:10:06",$0.01354,4.76%,False
"03/27/2021, 20:12:22",$0.01354,4.76%,False
"03/27/2021, 20:14:08",$0.01354,4.76%,False
"03/27/2021, 20:17:30",$0.01512,19.31%,True
"03/27/2021, 20:19:35",$0.01512,19.31%,False
"03/27/2021, 20:21:45",$0.01512,19.31%,False
"03/27/2021, 20:22:15",$0.01512,19.31%,False
"03/27/2021, 20:25:18",$0.01506,18.50%,False
"03/27/2021, 20:26:28",$0.01506,18.50%,False
"03/27/2021, 20:31:05",$0.01506,18.47%,False
"03/27/2021, 20:32:33",$0.01506,18.47%,False
"03/27/2021, 20:35:16",$0.01506,18.47%,False
"03/27/2021, 20:38:56",$0.01504,18.55%,False
"03/27/2021, 20:40:55",$0.01504,18.55%,False
"03/27/2021, 20:43:17",$0.01504,18.55%,False
"03/27/2021, 20:45:20",$0.01493,17.66%,False
"03/27/2021, 20:47:37",$0.01493,17.66%,False
"03/27/2021, 20:53:03",$0.01492,17.19%,False
"03/27/2021, 20:54:06",$0.01492,17.19%,False
"03/27/2021, 20:56:03",$0.01492,17.19%,False
"03/27/2021, 20:59:37",$0.01489,16.82%,False
"03/27/2021, 21:00:20",$0.01489,16.82%,False
"03/27/2021, 21:05:51",$0.015,17.42%,False
"03/27/2021, 21:07:28",$0.015,17.42%,False
"03/27/2021, 21:08:55",$0.015,17.42%,False
"03/27/2021, 21:12:30",$0.01495,16.21%,False
"03/27/2021, 21:16:39",$0.01495,16.21%,False
"03/27/2021, 21:20:05",$0.01502,16.84%,False
"03/27/2021, 21:22:58",$0.01502,16.84%,False
"03/27/2021, 21:25:07",$0.01502,16.84%,False
"03/27/2021, 21:26:49",$0.01502,16.84%,False
"03/27/2021, 21:28:24",$0.01502,16.84%,False
"03/27/2021, 21:32:06",$0.01497,15.92%,False
"03/27/2021, 21:35:48",$0.01497,15.92%,False
"03/27/2021, 21:36:15",$0.01497,15.92%,False
"03/27/2021, 21:38:54",$0.01476,14.20%,False
"03/27/2021, 21:41:34",$0.01476,14.20%,False
"03/27/2021, 21:43:30",$0.01476,14.20%,False
"03/27/2021, 21:44:15",$0.0149,15.75%,False
"03/27/2021, 21:46:05",$0.0149,15.75%,False
"03/27/2021, 21:49:16",$0.01499,17.27%,False
"03/27/2021, 21:51:16",$0.01499,17.27%,False
"03/27/2021, 21:53:03",$0.01499,17.27%,False
"03/27/2021, 21:55:08",$0.015,17.41%,False
"03/27/2021, 21:57:41",$0.015,17.41%,False
"03/27/2021, 21:59:33",$0.015,17.41%,False
"03/27/2021, 22:00:21",$0.01488,15.76%,False
"03/27/2021, 22:03:49",$0.01488,15.76%,False
"03/27/2021, 22:06:06",$0.015,16.44%,False
"03/27/2021, 22:09:44",$0.015,16.44%,False
"03/27/2021, 22:11:44",$0.01498,37.20%,False
"03/27/2021, 22:12:08",$0.01498,37.20%,False
"03/27/2021, 22:15:34",$0.01498,37.20%,False
"03/27/2021, 22:16:48",$0.01498,37.20%,False
"03/27/2021, 22:18:16",$0.01498,37.20%,False
"03/27/2021, 22:23:27",$0.01484,35.89%,False
"03/27/2021, 22:25:12",$0.01484,35.89%,False
"03/27/2021, 22:27:48",$0.01484,35.89%,False
"03/27/2021, 22:29:29",$0.01485,35.77%,False
"03/27/2021, 22:30:16",$0.01485,35.77%,False
"03/27/2021, 22:33:07",$0.01485,35.77%,False
"03/27/2021, 22:35:04",$0.01485,35.77%,False
"03/27/2021, 22:37:03",$0.01485,35.77%,False
"03/27/2021, 22:39:07",$0.01485,35.77%,False
"03/27/2021, 22:40:59",$0.01484,35.79%,False
"03/27/2021, 22:43:05",$0.01484,35.79%,False
"03/27/2021, 22:44:47",$0.01484,35.79%,False
"03/27/2021, 22:47:40",$0.0148,35.62%,False
"03/27/2021, 22:48:32",$0.0148,35.62%,False
"03/27/2021, 22:50:04",$0.0148,35.62%,False
"03/27/2021, 22:52:49",$0.01484,36.28%,False
"03/27/2021, 22:54:13",$0.01484,36.28%,False
"03/27/2021, 22:59:15",$0.0149,36.71%,False
"03/27/2021, 23:01:45",$0.0149,36.71%,False
"03/27/2021, 23:03:33",$0.0149,36.71%,False
"03/27/2021, 23:05:15",$0.01491,36.89%,False
"03/27/2021, 23:06:43",$0.01491,36.89%,False
"03/27/2021, 23:09:17",$0.01491,36.89%,False
"03/27/2021, 23:10:21",$0.01491,36.89%,False
"03/27/2021, 23:12:25",$0.01491,36.89%,False
"03/27/2021, 23:14:40",$0.01491,36.89%,False
"03/27/2021, 23:17:28",$0.01495,36.89%,False
"03/27/2021, 23:22:39",$0.01487,36.14%,False
"03/27/2021, 23:24:40",$0.01487,36.14%,False
"03/27/2021, 23:27:45",$0.01487,36.14%,False
"03/27/2021, 23:28:55",$0.01487,36.14%,False
"03/27/2021, 23:30:36",$0.01487,36.14%,False
"03/27/2021, 23:33:35",$0.0149,36.45%,False
"03/27/2021, 23:34:22",$0.0149,36.45%,False
"03/27/2021, 23:36:48",$0.0149,36.45%,False
"03/27/2021, 23:39:03",$0.015,38.36%,False
"03/27/2021, 23:41:09",$0.015,38.36%,False
"03/27/2021, 23:45:06",$0.01496,39.29%,False
"03/27/2021, 23:47:48",$0.01496,39.29%,False
"03/27/2021, 23:48:58",$0.01496,39.29%,False
"03/27/2021, 23:51:17",$0.01501,39.77%,False
"03/27/2021, 23:52:18",$0.01501,39.77%,False
"03/27/2021, 23:55:13",$0.01501,39.77%,False
"03/27/2021, 23:56:43",$0.01501,39.77%,False
"03/27/2021, 23:58:57",$0.01501,39.77%,False
"03/28/2021, 00:00:55",$0.01501,39.77%,False
"03/28/2021, 00:04:53",$0.01487,38.67%,False
"03/28/2021, 00:06:57",$0.01487,38.67%,False
"03/28/2021, 00:08:23",$0.01487,38.67%,False
"03/28/2021, 00:10:50",$0.01477,37.56%,False
"03/28/2021, 00:13:26",$0.01477,37.56%,False
"03/28/2021, 00:14:45",$0.01477,37.56%,False
"03/28/2021, 00:17:11",$0.01473,36.75%,False
"03/28/2021, 00:19:19",$0.01473,36.75%,False
"03/28/2021, 00:20:53",$0.01473,36.75%,False
"03/28/2021, 00:23:00",$0.01465,36.94%,False
"03/28/2021, 00:24:29",$0.01465,36.94%,False
"03/28/2021, 00:26:35",$0.01465,36.94%,False
"03/28/2021, 00:29:05",$0.01481,37.51%,False
"03/28/2021, 00:32:51",$0.01481,37.51%,False
"03/28/2021, 00:34:39",$0.01481,37.51%,False
"03/28/2021, 00:36:09",$0.01481,37.51%,False
"03/28/2021, 00:38:24",$0.01481,37.51%,False
"03/28/2021, 00:40:31",$0.01492,38.77%,False
"03/28/2021, 00:42:24",$0.01492,38.77%,False
"03/28/2021, 00:46:47",$0.01495,39.08%,False
"03/28/2021, 00:49:05",$0.01495,39.08%,False
"03/28/2021, 00:50:10",$0.01495,39.08%,False
"03/28/2021, 00:54:45",$0.01491,38.18%,False
"03/28/2021, 00:56:55",$0.01491,38.18%,False
"03/28/2021, 00:59:17",$0.01491,38.18%,False
"03/28/2021, 01:00:25",$0.01484,37.49%,False
"03/28/2021, 01:02:52",$0.01484,37.49%,False
"03/28/2021, 01:05:48",$0.01479,37.79%,False
"03/28/2021, 01:06:13",$0.01479,37.79%,False
"03/28/2021, 01:08:56",$0.01479,37.79%,False
"03/28/2021, 01:11:30",$0.01479,37.79%,False
"03/28/2021, 01:12:03",$0.01479,37.79%,False
"03/28/2021, 01:16:23",$0.01479,37.79%,False
"03/28/2021, 01:18:46",$0.01489,38.19%,False
"03/28/2021, 01:20:13",$0.01489,38.19%,False
"03/28/2021, 01:22:16",$0.01489,38.19%,False
"03/28/2021, 01:25:43",$0.01484,37.70%,False
"03/28/2021, 01:27:08",$0.01484,37.70%,False
"03/28/2021, 01:29:24",$0.01484,37.70%,False
"03/28/2021, 01:30:25",$0.01484,37.70%,False
"03/28/2021, 01:32:16",$0.01475,36.51%,False
"03/28/2021, 01:35:26",$0.01475,36.51%,False
"03/28/2021, 01:36:36",$0.01475,36.51%,False
"03/28/2021, 01:38:32",$0.01485,37.44%,False
"03/28/2021, 01:40:03",$0.01485,37.44%,False
"03/28/2021, 01:43:24",$0.01485,37.44%,False
"03/28/2021, 01:44:10",$0.01485,37.44%,False
"03/28/2021, 01:46:43",$0.01485,37.44%,False
"03/28/2021, 01:49:10",$0.01485,37.44%,False
"03/28/2021, 01:50:05",$0.01466,35.57%,False
"03/28/2021, 01:52:59",$0.01466,35.57%,False
"03/28/2021, 01:54:57",$0.01466,35.57%,False
"03/28/2021, 01:57:41",$0.0147,36.07%,False
"03/28/2021, 01:58:23",$0.0147,36.07%,False
"03/28/2021, 02:00:13",$0.0147,36.07%,False
"03/28/2021, 02:03:13",$0.0147,36.07%,False
"03/28/2021, 02:04:50",$0.0147,36.07%,False
"03/28/2021, 02:07:13",$0.0147,36.07%,False
"03/28/2021, 02:08:35",$0.01474,36.79%,False
"03/28/2021, 02:10:42",$0.01474,36.79%,False
"03/28/2021, 02:14:45",$0.01477,37.32%,False
"03/28/2021, 02:16:58",$0.01477,37.32%,False
"03/28/2021, 02:18:35",$0.01477,37.32%,False
"03/28/2021, 02:21:24",$0.01481,37.62%,False
"03/28/2021, 02:22:06",$0.01481,37.62%,False
"03/28/2021, 02:24:47",$0.01481,37.62%,False
"03/28/2021, 02:26:19",$0.01481,37.62%,False
"03/28/2021, 02:29:38",$0.01603,48.87%,True
"03/28/2021, 02:33:27",$0.01603,48.87%,False
"03/28/2021, 02:34:29",$0.01603,48.87%,False
"03/28/2021, 02:36:07",$0.01579,46.54%,False
"03/28/2021, 02:39:30",$0.01579,46.54%,False
"03/28/2021, 02:41:17",$0.01579,46.54%,False
"03/28/2021, 02:42:18",$0.01579,46.54%,False
"03/28/2021, 02:44:48",$0.01579,46.54%,False
"03/28/2021, 02:47:24",$0.01564,31.40%,False
"03/28/2021, 02:49:13",$0.01564,31.40%,False
"03/28/2021, 02:50:18",$0.01564,31.40%,False
"03/28/2021, 02:52:10",$0.01564,31.40%,False
"03/28/2021, 02:54:16",$0.01545,30.74%,True
"03/28/2021, 02:56:06",$0.01545,30.74%,False
"03/28/2021, 02:59:43",$0.01526,31.93%,False
"03/28/2021, 03:00:53",$0.01526,31.93%,False
"03/28/2021, 03:02:57",$0.01526,31.93%,False
"03/28/2021, 03:04:34",$0.01526,31.93%,False
"03/28/2021, 03:06:04",$0.01538,29.95%,False
"03/28/2021, 03:08:12",$0.01538,29.95%,False
"03/28/2021, 03:13:43",$0.01548,30.62%,False
"03/28/2021, 03:15:42",$0.01548,30.62%,False
"03/28/2021, 03:17:08",$0.01548,30.62%,False
"03/28/2021, 03:19:01",$0.01551,31.74%,False
"03/28/2021, 03:21:31",$0.01551,31.74%,False
"03/28/2021, 03:22:25",$0.01551,31.74%,False
"03/28/2021, 03:25:46",$0.01537,30.39%,False
"03/28/2021, 03:27:48",$0.01537,30.39%,False
"03/28/2021, 03:31:25",$0.01537,30.39%,False
"03/28/2021, 03:33:20",$0.01537,30.39%,False
"03/28/2021, 03:35:27",$0.01537,30.39%,False
"03/28/2021, 03:36:33",$0.01523,27.88%,False
"03/28/2021, 03:39:25",$0.01523,27.88%,False
"03/28/2021, 03:40:46",$0.01523,27.88%,False
"03/28/2021, 03:43:35",$0.01516,28.17%,False
"03/28/2021, 03:45:35",$0.01516,28.17%,False
"03/28/2021, 03:46:09",$0.01516,28.17%,False
"03/28/2021, 03:48:26",$0.01516,28.17%,False
"03/28/2021, 03:51:51",$0.01511,26.75%,False
"03/28/2021, 03:52:30",$0.01511,26.75%,False
"03/28/2021, 03:54:29",$0.01511,26.75%,False
"03/28/2021, 03:59:23",$0.01526,28.40%,False
"03/28/2021, 04:00:55",$0.01526,28.40%,False
"03/28/2021, 04:03:19",$0.01526,28.40%,False
"03/28/2021, 04:04:18",$0.01526,28.40%,False
"03/28/2021, 04:07:28",$0.01521,28.03%,False
"03/28/2021, 04:08:52",$0.01521,28.03%,False
"03/28/2021, 04:10:05",$0.01521,28.03%,False
"03/28/2021, 04:12:43",$0.01514,27.36%,False
"03/28/2021, 04:14:37",$0.01514,27.36%,False
"03/28/2021, 04:16:25",$0.01514,27.36%,False
"03/28/2021, 04:18:16",$0.01511,26.95%,False
"03/28/2021, 04:20:42",$0.01511,26.95%,False
"03/28/2021, 04:23:10",$0.01511,26.95%,False
"03/28/2021, 04:25:18",$0.01507,27.57%,False
"03/28/2021, 04:27:14",$0.01507,27.57%,False
"03/28/2021, 04:28:19",$0.01507,27.57%,False
"03/28/2021, 04:31:34",$0.01502,28.26%,False
"03/28/2021, 04:33:30",$0.01502,28.26%,False
"03/28/2021, 04:34:43",$0.01502,28.26%,False
"03/28/2021, 04:37:46",$0.01506,27.84%,False
"03/28/2021, 04:38:43",$0.01506,27.84%,False
"03/28/2021, 04:41:08",$0.01506,27.84%,False
"03/28/2021, 04:42:10",$0.01506,27.84%,False
"03/28/2021, 04:45:18",$0.01422,20.49%,True
"03/28/2021, 04:46:10",$0.01422,20.49%,False
"03/28/2021, 04:48:24",$0.01422,20.49%,False
"03/28/2021, 04:51:03",$0.01422,20.49%,False
"03/28/2021, 04:52:08",$0.01422,20.49%,False
"03/28/2021, 04:54:04",$0.01422,20.49%,False
"03/28/2021, 04:56:18",$0.01421,19.70%,False
"03/28/2021, 04:59:13",$0.01421,19.70%,False
"03/28/2021, 05:00:29",$0.01421,19.70%,False
"03/28/2021, 05:02:27",$0.01423,19.69%,False
"03/28/2021, 05:05:15",$0.01423,19.69%,False
"03/28/2021, 05:07:48",$0.01435,21.64%,False
"03/28/2021, 05:09:16",$0.01435,21.64%,False
"03/28/2021, 05:11:17",$0.01435,21.64%,False
"03/28/2021, 05:12:34",$0.01435,21.64%,False
"03/28/2021, 05:17:07",$0.01435,21.20%,False
"03/28/2021, 05:18:40",$0.01435,21.20%,False
"03/28/2021, 05:21:27",$0.01435,21.20%,False
"03/28/2021, 05:22:07",$0.01435,21.20%,False
"03/28/2021, 05:24:07",$0.01421,20.39%,False
"03/28/2021, 05:27:37",$0.01421,20.39%,False
"03/28/2021, 05:28:31",$0.01421,20.39%,False
"03/28/2021, 05:30:47",$0.01431,22.63%,False
"03/28/2021, 05:33:04",$0.01431,22.63%,False
"03/28/2021, 05:35:11",$0.01431,22.63%,False
"03/28/2021, 05:37:05",$0.01418,15.91%,False
"03/28/2021, 05:39:33",$0.01418,15.91%,False
"03/28/2021, 05:41:35",$0.01418,15.91%,False
"03/28/2021, 05:43:10",$0.01416,16.78%,False
"03/28/2021, 05:44:14",$0.01416,16.78%,False
"03/28/2021, 05:47:21",$0.01416,16.78%,False
"03/28/2021, 05:48:55",$0.01295,6.73%,True
"03/28/2021, 05:51:41",$0.01295,6.73%,False
"03/28/2021, 05:53:21",$0.01295,6.73%,False
"03/28/2021, 05:55:45",$0.01295,7.09%,False
"03/28/2021, 05:56:05",$0.01295,7.09%,False
"03/28/2021, 05:58:42",$0.01295,7.09%,False
"03/28/2021, 06:03:04",$0.01294,6.88%,False
"03/28/2021, 06:05:31",$0.01294,6.88%,False
"03/28/2021, 06:11:39",$0.01291,5.65%,False
"03/28/2021, 06:13:46",$0.01291,5.65%,False
"03/28/2021, 06:16:44",$0.01286,5.17%,False
"03/28/2021, 06:19:25",$0.01286,5.17%,False
"03/28/2021, 06:20:35",$0.01286,5.17%,False
"03/28/2021, 06:23:28",$0.01312,8.09%,False
"03/28/2021, 06:27:19",$0.01312,8.09%,False
"03/28/2021, 06:28:17",$0.01312,8.09%,False
"03/28/2021, 06:30:28",$0.013,7.36%,False
"03/28/2021, 06:33:03",$0.013,7.36%,False
"03/28/2021, 06:34:38",$0.013,7.36%,False
"03/28/2021, 06:36:58",$0.01289,7.05%,False
"03/28/2021, 06:39:36",$0.01289,7.05%,False
"03/28/2021, 06:41:24",$0.01289,7.05%,False
"03/28/2021, 06:43:47",$0.01301,6.40%,False
"03/28/2021, 06:45:31",$0.01301,6.40%,False
"03/28/2021, 06:47:14",$0.01301,6.40%,False
"03/28/2021, 06:48:55",$0.01282,5.26%,False
"03/28/2021, 06:53:39",$0.01282,5.26%,False
"03/28/2021, 06:54:20",$0.01282,5.26%,False
"03/28/2021, 06:57:38",$0.01282,5.26%,False
"03/28/2021, 06:58:56",$0.01282,5.26%,False
"03/28/2021, 07:01:47",$0.01297,7.24%,False
"03/28/2021, 07:03:16",$0.01297,7.24%,False
"03/28/2021, 07:05:20",$0.01297,7.24%,False
"03/28/2021, 07:06:34",$0.01297,7.24%,False
"03/28/2021, 07:08:34",$0.01305,7.19%,False
"03/28/2021, 07:10:17",$0.01305,7.19%,False
"03/28/2021, 07:13:44",$0.01305,7.19%,False
"03/28/2021, 07:14:59",$0.01305,7.19%,False
"03/28/2021, 07:16:26",$0.01305,7.19%,False
"03/28/2021, 07:18:11",$0.01305,7.19%,False
"03/28/2021, 07:20:51",$0.01296,5.88%,False
"03/28/2021, 07:22:47",$0.01296,5.88%,False
"03/28/2021, 07:25:15",$0.01296,5.88%,False
"03/28/2021, 07:27:15",$0.01298,5.95%,False
"03/28/2021, 07:29:44",$0.01298,5.95%,False
"03/28/2021, 07:30:48",$0.01298,5.95%,False
"03/28/2021, 07:33:29",$0.01296,6.00%,False
"03/28/2021, 07:35:43",$0.01296,6.00%,False
"03/28/2021, 07:38:22",$0.01296,6.00%,False
"03/28/2021, 07:40:48",$0.01291,5.80%,False
"03/28/2021, 07:43:22",$0.01291,5.80%,False
"03/28/2021, 07:45:26",$0.01291,5.80%,False
"03/28/2021, 07:47:01",$0.01291,5.94%,False
"03/28/2021, 07:49:31",$0.01291,5.94%,False
"03/28/2021, 07:52:08",$0.01291,5.94%,False
"03/28/2021, 07:56:16",$0.01291,5.94%,False
"03/28/2021, 07:58:13",$0.01279,4.58%,False
"03/28/2021, 08:01:42",$0.01279,4.58%,False
"03/28/2021, 08:03:05",$0.01279,4.58%,False
"03/28/2021, 08:04:58",$0.01276,5.09%,False
"03/28/2021, 08:06:02",$0.01276,5.09%,False
"03/28/2021, 08:10:51",$0.01288,5.91%,False
"03/28/2021, 08:12:10",$0.01288,5.91%,False
"03/28/2021, 08:15:17",$0.01288,5.91%,False
"03/28/2021, 08:21:39",$0.01278,5.28%,False
"03/28/2021, 08:22:10",$0.01278,5.28%,False
"03/28/2021, 08:25:46",$0.01278,5.28%,False
"03/28/2021, 08:27:20",$0.01281,5.21%,False
"03/28/2021, 08:28:47",$0.01281,5.21%,False
"03/28/2021, 08:31:49",$0.01281,5.21%,False
"03/28/2021, 08:33:05",$0.01285,2.06%,False
"03/28/2021, 08:35:27",$0.01285,2.06%,False
"03/28/2021, 08:36:12",$0.01285,2.06%,False
"03/28/2021, 08:38:58",$0.01281,2.03%,False
"03/28/2021, 08:40:49",$0.01281,2.03%,False
"03/28/2021, 08:42:34",$0.01281,2.03%,False
"03/28/2021, 08:45:35",$0.01272,2.51%,False
"03/28/2021, 08:47:49",$0.01272,2.51%,False
"03/28/2021, 08:49:04",$0.01272,2.51%,False
"03/28/2021, 08:50:14",$0.01272,2.51%,False
"03/28/2021, 08:53:40",$0.01287,1.17%,False
"03/28/2021, 08:54:24",$0.01287,1.17%,False
"03/28/2021, 08:57:19",$0.01287,1.17%,False
"03/28/2021, 08:59:00",$0.0129,1.42%,False
"03/28/2021, 09:00:21",$0.0129,1.42%,False
"03/28/2021, 09:02:34",$0.0129,1.42%,False
"03/28/2021, 09:04:34",$0.01286,1.09%,False
"03/28/2021, 09:07:44",$0.01286,1.09%,False
"03/28/2021, 09:09:38",$0.01286,1.09%,False
"03/28/2021, 09:11:11",$0.01286,1.09%,False
"03/28/2021, 09:12:59",$0.01286,1.09%,False
"03/28/2021, 09:18:25",$0.01281,1.52%,False
"03/28/2021, 09:21:44",$0.01281,1.52%,False
"03/28/2021, 09:23:19",$0.01281,1.52%,False
"03/28/2021, 09:25:05",$0.01299,0.33%,False
"03/28/2021, 09:26:43",$0.01299,0.33%,False
"03/28/2021, 09:29:08",$0.01299,0.33%,False
"03/28/2021, 09:30:19",$0.01299,0.33%,False
"03/28/2021, 09:32:45",$0.01299,0.33%,False
"03/28/2021, 09:34:30",$0.01299,0.33%,False
"03/28/2021, 09:36:27",$0.01279,1.17%,False
"03/28/2021, 09:39:00",$0.01279,1.17%,False
"03/28/2021, 09:40:28",$0.01279,1.17%,False
"03/28/2021, 09:42:10",$0.01275,2.11%,False
"03/28/2021, 09:44:47",$0.01275,2.11%,False
"03/28/2021, 09:46:43",$0.01275,2.11%,False
"03/28/2021, 09:49:05",$0.0129,0.02%,False
"03/28/2021, 09:50:35",$0.0129,0.02%,False
"03/28/2021, 09:52:43",$0.0129,0.02%,False
"03/28/2021, 09:56:47",$0.01284,1.34%,False
"03/28/2021, 09:59:05",$0.01284,1.34%,False
"03/28/2021, 10:00:09",$0.01284,1.34%,False
"03/28/2021, 10:02:37",$0.01289,0.85%,False
"03/28/2021, 10:05:26",$0.01289,0.85%,False
"03/28/2021, 10:06:59",$0.01289,0.85%,False
"03/28/2021, 10:08:27",$0.01288,2.10%,False
"03/28/2021, 10:11:20",$0.01288,2.10%,False
"03/28/2021, 10:13:42",$0.01288,2.10%,False
"03/28/2021, 10:20:28",$0.0129,1.65%,False
"03/28/2021, 10:22:29",$0.0129,1.65%,False
"03/28/2021, 10:25:48",$0.01289,1.62%,False
"03/28/2021, 10:26:31",$0.01289,1.62%,False
"03/28/2021, 10:28:16",$0.01289,1.62%,False
"03/28/2021, 10:30:11",$0.01289,1.62%,False
"03/28/2021, 10:33:41",$0.0129,1.01%,False
"03/28/2021, 10:36:03",$0.0129,1.01%,False
"03/28/2021, 10:38:03",$0.0129,1.01%,False
"03/28/2021, 10:40:14",$0.01285,1.96%,False
"03/28/2021, 10:42:45",$0.01285,1.96%,False
"03/28/2021, 10:45:47",$0.01285,1.96%,False
"03/28/2021, 10:46:30",$0.01285,1.96%,False
"03/28/2021, 10:48:58",$0.01285,1.96%,False
"03/28/2021, 10:50:58",$0.01281,4.03%,False
"03/28/2021, 10:53:13",$0.01281,4.03%,False
"03/28/2021, 10:54:43",$0.01281,4.03%,False
"03/28/2021, 10:57:00",$0.01283,4.05%,False
"03/28/2021, 10:59:07",$0.01283,4.05%,False
"03/28/2021, 11:01:39",$0.01283,4.05%,False
"03/28/2021, 11:02:16",$0.01283,4.05%,False
"03/28/2021, 11:07:47",$0.01284,4.21%,False
"03/28/2021, 11:09:49",$0.01284,4.21%,False
"03/28/2021, 11:10:45",$0.01284,4.21%,False
"03/28/2021, 11:12:44",$0.01284,4.21%,False
"03/28/2021, 11:14:31",$0.01296,3.18%,False
"03/28/2021, 11:17:05",$0.01296,3.18%,False
"03/28/2021, 11:18:53",$0.01296,3.18%,False
"03/28/2021, 11:20:59",$0.01279,4.40%,False
"03/28/2021, 11:22:59",$0.01279,4.40%,False
"03/28/2021, 11:24:26",$0.01279,4.40%,False
"03/28/2021, 11:27:03",$0.01278,4.56%,False
"03/28/2021, 11:29:10",$0.01278,4.56%,False
"03/28/2021, 11:30:57",$0.01278,4.56%,False
"03/28/2021, 11:32:47",$0.0128,4.28%,False
"03/28/2021, 11:35:44",$0.0128,4.28%,False
"03/28/2021, 11:36:35",$0.0128,4.28%,False
"03/28/2021, 11:39:19",$0.01278,4.74%,False
"03/28/2021, 11:41:10",$0.01278,4.74%,False
"03/28/2021, 11:42:47",$0.01278,4.74%,False
"03/28/2021, 11:44:06",$0.01278,4.74%,False
"03/28/2021, 11:47:26",$0.01261,5.30%,False
"03/28/2021, 11:51:07",$0.01261,5.30%,False
"03/28/2021, 11:53:07",$0.01261,5.30%,False
"03/28/2021, 11:54:54",$0.01261,5.30%,False
"03/28/2021, 11:57:17",$0.01261,5.30%,False
"03/28/2021, 11:58:34",$0.01308,1.47%,False
"03/28/2021, 12:00:57",$0.01308,1.47%,False
"03/28/2021, 12:02:11",$0.01308,1.47%,False
"03/28/2021, 12:05:46",$0.01316,1.30%,False
"03/28/2021, 12:06:08",$0.01316,1.30%,False
"03/28/2021, 12:08:04",$0.01316,1.30%,False
"03/28/2021, 12:10:44",$0.01316,1.30%,False
"03/28/2021, 12:13:06",$0.0131,1.45%,False
"03/28/2021, 12:14:55",$0.0131,1.45%,False
"03/28/2021, 12:16:25",$0.0131,1.45%,False
"03/28/2021, 12:18:15",$0.01314,0.10%,False
"03/28/2021, 12:20:49",$0.01314,0.10%,False
"03/28/2021, 12:22:10",$0.01314,0.10%,False
"03/28/2021, 12:24:23",$0.01305,0.18%,False
"03/28/2021, 12:26:38",$0.01305,0.18%,False
"03/28/2021, 12:29:30",$0.01305,0.18%,False
"03/28/2021, 12:30:10",$0.01305,0.18%,False
"03/28/2021, 12:32:37",$0.01305,0.18%,False
"03/28/2021, 12:35:34",$0.01306,0.62%,False
"03/28/2021, 12:37:09",$0.01306,0.62%,False
"03/28/2021, 12:39:36",$0.01306,0.62%,False
"03/28/2021, 12:41:04",$0.01304,0.74%,False
"03/28/2021, 12:43:51",$0.01304,0.74%,False
"03/28/2021, 12:44:04",$0.01304,0.74%,False
"03/28/2021, 12:50:24",$0.01306,0.31%,False
"03/28/2021, 12:54:28",$0.01306,0.31%,False
"03/28/2021, 12:56:56",$0.01294,1.33%,False
"03/28/2021, 12:59:00",$0.01294,1.33%,False
"03/28/2021, 13:00:20",$0.01294,1.33%,False
"03/28/2021, 13:02:43",$0.01294,1.33%,False
"03/28/2021, 13:04:05",$0.01294,1.33%,False
"03/28/2021, 13:06:28",$0.01294,1.33%,False
"03/28/2021, 13:09:21",$0.01299,0.24%,False
"03/28/2021, 13:11:50",$0.01299,0.24%,False
"03/28/2021, 13:13:20",$0.01299,0.24%,False
"03/28/2021, 13:15:29",$0.01298,0.91%,False
"03/28/2021, 13:16:46",$0.01298,0.91%,False
"03/28/2021, 13:19:08",$0.01298,0.91%,False
"03/28/2021, 13:21:27",$0.01297,0.84%,False
"03/28/2021, 13:22:23",$0.01297,0.84%,False
"03/28/2021, 13:25:29",$0.01297,0.84%,False
"03/28/2021, 13:26:40",$0.01297,0.84%,False
"03/28/2021, 13:29:13",$0.01297,0.84%,False
"03/28/2021, 13:30:22",$0.01297,0.84%,False
"03/28/2021, 13:32:27",$0.01307,1.21%,False
"03/28/2021, 13:35:08",$0.01307,1.21%,False
"03/28/2021, 13:39:16",$0.01303,0.05%,False
"03/28/2021, 13:41:25",$0.01303,0.05%,False
"03/28/2021, 13:42:12",$0.01303,0.05%,False
"03/28/2021, 13:45:21",$0.01296,0.53%,False
"03/28/2021, 13:46:53",$0.01296,0.53%,False
"03/28/2021, 13:51:15",$0.01296,0.53%,False
"03/28/2021, 13:53:03",$0.01296,0.53%,False
"03/28/2021, 13:54:59",$0.01296,0.53%,False
"03/28/2021, 13:56:38",$0.01292,1.39%,False
"03/28/2021, 13:59:47",$0.01292,1.39%,False
"03/28/2021, 14:01:21",$0.01292,1.39%,False
"03/28/2021, 14:03:34",$0.01279,2.85%,False
"03/28/2021, 14:04:14",$0.01279,2.85%,False
"03/28/2021, 14:06:56",$0.01279,2.85%,False
"03/28/2021, 14:09:51",$0.01285,1.26%,False
"03/28/2021, 14:10:24",$0.01285,1.26%,False
"03/28/2021, 14:12:55",$0.01285,1.26%,False
"03/28/2021, 14:14:13",$0.01285,1.26%,False
"03/28/2021, 14:16:12",$0.01266,3.08%,False
"03/28/2021, 14:19:32",$0.01266,3.08%,False
"03/28/2021, 14:23:50",$0.01251,3.62%,False
"03/28/2021, 14:24:38",$0.01251,3.62%,False
"03/28/2021, 14:26:55",$0.01251,3.62%,False
"03/28/2021, 14:28:59",$0.01251,3.62%,False
"03/28/2021, 14:30:20",$0.01251,3.62%,False
"03/28/2021, 14:33:51",$0.01251,3.62%,False
"03/28/2021, 14:34:44",$0.01261,3.55%,False
"03/28/2021, 14:40:23",$0.01271,2.71%,False
"03/28/2021, 14:43:48",$0.01271,2.71%,False
"03/28/2021, 14:44:07",$0.01271,2.71%,False
"03/28/2021, 14:49:17",$0.01265,0.97%,False
"03/28/2021, 14:51:23",$0.01265,0.97%,False
"03/28/2021, 14:52:19",$0.01265,0.97%,False
"03/28/2021, 14:55:26",$0.01302,5.88%,False
"03/28/2021, 14:56:23",$0.01302,5.88%,False
"03/28/2021, 14:59:04",$0.01302,5.88%,False
"03/28/2021, 15:01:20",$0.01297,0.89%,False
"03/28/2021, 15:03:09",$0.01297,0.89%,False
"03/28/2021, 15:05:29",$0.01297,0.89%,False
"03/28/2021, 15:08:10",$0.01313,0.35%,False
"03/28/2021, 15:13:30",$0.01305,1.31%,False
"03/28/2021, 15:15:33",$0.01305,1.31%,False
"03/28/2021, 15:16:27",$0.01305,1.31%,False
"03/28/2021, 15:18:10",$0.01305,1.31%,False
"03/28/2021, 15:21:01",$0.01282,0.45%,False
"03/28/2021, 15:23:13",$0.01282,0.45%,False
"03/28/2021, 15:25:37",$0.01282,0.45%,False
"03/28/2021, 15:26:20",$0.01282,0.45%,False
"03/28/2021, 15:29:30",$0.01282,0.45%,False
"03/28/2021, 15:33:47",$0.01281,1.18%,False
"03/28/2021, 15:35:46",$0.01281,1.18%,False
"03/28/2021, 15:36:33",$0.01281,1.18%,False
"03/28/2021, 15:38:53",$0.01293,0.45%,False
"03/28/2021, 15:40:45",$0.01293,0.45%,False
"03/28/2021, 15:43:17",$0.01293,0.45%,False
"03/28/2021, 15:44:09",$0.01273,2.35%,False
"03/28/2021, 15:46:31",$0.01273,2.35%,False
"03/28/2021, 15:48:26",$0.01273,2.35%,False
"03/28/2021, 15:51:08",$0.01283,1.23%,False
"03/28/2021, 15:53:17",$0.01283,1.23%,False
"03/28/2021, 15:54:28",$0.01283,1.23%,False
"03/28/2021, 15:56:53",$0.01286,1.55%,False
"03/28/2021, 16:00:31",$0.01286,1.55%,False
"03/28/2021, 16:05:49",$0.01289,0.61%,False
"03/28/2021, 16:07:11",$0.01289,0.61%,False
"03/28/2021, 16:08:18",$0.01289,0.61%,False
"03/28/2021, 16:10:18",$0.01289,0.61%,False
"03/28/2021, 16:12:35",$0.0129,0.16%,False
"03/28/2021, 16:14:24",$0.0129,0.16%,False
"03/28/2021, 16:16:13",$0.0129,0.16%,False
"03/28/2021, 16:20:40",$0.01298,0.75%,False
"03/28/2021, 16:22:27",$0.01298,0.75%,False
"03/28/2021, 16:24:37",$0.01298,0.75%,False
"03/28/2021, 16:26:09",$0.01288,0.18%,False
"03/28/2021, 16:28:49",$0.01288,0.18%,False
"03/28/2021, 16:31:06",$0.01288,0.18%,False
"03/28/2021, 16:33:41",$0.01292,0.71%,False
"03/28/2021, 16:34:14",$0.01292,0.71%,False
"03/28/2021, 16:37:44",$0.01292,0.71%,False
"03/28/2021, 16:39:45",$0.01287,0.46%,False
"03/28/2021, 16:46:23",$0.01285,0.84%,False
"03/28/2021, 16:48:21",$0.01285,0.84%,False
"03/28/2021, 16:51:38",$0.01285,0.84%,False
"03/28/2021, 16:53:24",$0.01285,0.84%,False
"03/28/2021, 16:54:53",$0.01285,0.84%,False
"03/28/2021, 16:58:27",$0.01286,1.34%,False
"03/28/2021, 17:00:41",$0.01286,1.34%,False
"03/28/2021, 17:03:50",$0.0129,0.11%,False
"03/28/2021, 17:04:04",$0.0129,0.11%,False
"03/28/2021, 17:06:03",$0.0129,0.11%,False
"03/28/2021, 17:09:11",$0.01279,0.49%,False
"03/28/2021, 17:11:16",$0.01279,0.49%,False
"03/28/2021, 17:13:00",$0.01279,0.49%,False
"03/28/2021, 17:15:51",$0.01277,0.24%,False
"03/28/2021, 17:17:27",$0.01277,0.24%,False
"03/28/2021, 17:19:46",$0.01277,0.24%,False
"03/28/2021, 17:22:24",$0.01285,0.48%,False
"03/28/2021, 17:24:04",$0.01285,0.48%,False
"03/28/2021, 17:27:13",$0.01285,0.48%,False
"03/28/2021, 17:29:36",$0.01277,1.50%,False
"03/28/2021, 17:31:24",$0.01277,1.50%,False
"03/28/2021, 17:33:41",$0.01277,1.50%,False
"03/28/2021, 17:34:03",$0.01277,1.50%,False
"03/28/2021, 17:38:34",$0.01297,0.52%,False
"03/28/2021, 17:40:09",$0.01297,0.52%,False
"03/28/2021, 17:43:44",$0.01297,0.52%,False
"03/28/2021, 17:45:35",$0.01297,0.52%,False
"03/28/2021, 17:47:19",$0.01297,0.52%,False
"03/28/2021, 17:48:23",$0.01297,0.52%,False
"03/28/2021, 17:52:39",$0.01322,0.75%,False
"03/28/2021, 17:54:30",$0.01322,0.75%,False
"03/28/2021, 17:56:53",$0.01322,0.75%,False
"03/28/2021, 17:59:21",$0.01313,0.25%,False
"03/28/2021, 18:00:08",$0.01313,0.25%,False
"03/28/2021, 18:04:38",$0.01313,0.25%,False
"03/28/2021, 18:06:33",$0.01313,0.25%,False
"03/28/2021, 18:08:44",$0.01313,0.25%,False
"03/28/2021, 18:11:07",$0.01307,1.38%,False
"03/28/2021, 18:13:08",$0.01307,1.38%,False
"03/28/2021, 18:15:16",$0.01307,1.38%,False
"03/28/2021, 18:17:01",$0.01304,1.94%,False
"03/28/2021, 18:18:27",$0.01304,1.94%,False
"03/28/2021, 18:20:53",$0.01304,1.94%,False
"03/28/2021, 18:22:28",$0.01304,1.94%,False
"03/28/2021, 18:25:28",$0.01304,1.94%,False
"03/28/2021, 18:26:43",$0.01304,1.94%,False
"03/28/2021, 18:28:38",$0.01323,0.06%,False
"03/28/2021, 18:31:42",$0.01323,0.06%,False
"03/28/2021, 18:33:04",$0.01323,0.06%,False
"03/28/2021, 18:34:48",$0.01309,1.56%,False
"03/28/2021, 18:37:18",$0.01309,1.56%,False
"03/28/2021, 18:38:09",$0.01309,1.56%,False
"03/28/2021, 18:41:05",$0.01313,1.90%,False
"03/28/2021, 18:42:15",$0.01313,1.90%,False
"03/28/2021, 18:44:21",$0.01313,1.90%,False
"03/28/2021, 18:46:19",$0.01313,1.90%,False
"03/28/2021, 18:49:27",$0.01313,1.90%,False
"03/28/2021, 18:50:45",$0.01313,1.90%,False
"03/28/2021, 18:52:45",$0.01307,2.78%,False
"03/28/2021, 18:54:28",$0.01307,2.78%,False
"03/28/2021, 18:56:23",$0.01307,2.78%,False
"03/28/2021, 18:59:31",$0.0131,1.15%,False
"03/28/2021, 19:00:32",$0.0131,1.15%,False
"03/28/2021, 19:02:07",$0.0131,1.15%,False
"03/28/2021, 19:05:47",$0.01326,0.61%,False
"03/28/2021, 19:08:31",$0.01326,0.61%,False
"03/28/2021, 19:12:36",$0.01314,0.43%,False
"03/28/2021, 19:16:29",$0.01314,0.43%,False
"03/28/2021, 19:21:25",$0.01315,4.49%,False
"03/28/2021, 19:23:29",$0.01315,4.49%,False
"03/28/2021, 19:25:31",$0.01315,4.49%,False
"03/28/2021, 19:26:08",$0.01315,4.49%,False
"03/28/2021, 19:28:24",$0.01308,4.88%,False
"03/28/2021, 19:31:04",$0.01308,4.88%,False
"03/28/2021, 19:33:31",$0.0132,2.93%,False
"03/28/2021, 19:34:10",$0.0132,2.93%,False
"03/28/2021, 19:37:33",$0.0132,2.93%,False
"03/28/2021, 19:39:08",$0.01312,4.20%,False
"03/28/2021, 19:42:56",$0.01312,4.20%,False
"03/28/2021, 19:44:43",$0.01305,4.74%,False
"03/28/2021, 19:48:20",$0.01305,4.74%,False
"03/28/2021, 19:50:48",$0.01316,3.72%,False
"03/28/2021, 19:58:49",$0.0131,3.17%,False
"03/28/2021, 20:01:49",$0.0131,3.17%,False
"03/28/2021, 20:02:47",$0.0131,3.17%,False
"03/28/2021, 20:04:16",$0.01318,2.65%,False
"03/28/2021, 20:06:29",$0.01318,2.65%,False
"03/28/2021, 20:08:32",$0.01318,2.65%,False
"03/28/2021, 20:11:35",$0.01315,2.17%,False
"03/28/2021, 20:13:01",$0.01315,2.17%,False
"03/28/2021, 20:16:19",$0.01315,2.17%,False
"03/28/2021, 20:18:57",$0.01317,2.71%,False
"03/28/2021, 20:24:31",$0.01329,2.08%,False
"03/28/2021, 20:26:55",$0.01329,2.08%,False
"03/28/2021, 20:31:10",$0.01317,3.37%,False
"03/28/2021, 20:34:46",$0.01317,3.37%,False
"03/28/2021, 20:37:26",$0.01319,3.42%,False
"03/28/2021, 20:38:32",$0.01319,3.42%,False
"03/28/2021, 20:40:54",$0.01319,3.42%,False
"03/28/2021, 20:42:11",$0.01319,3.42%,False
"03/28/2021, 20:44:40",$0.01326,3.09%,False
"03/28/2021, 20:49:05",$0.01326,3.09%,False
"03/28/2021, 20:51:20",$0.01307,3.64%,False
"03/28/2021, 20:52:30",$0.01307,3.64%,False
"03/28/2021, 20:54:17",$0.01307,3.64%,False
"03/28/2021, 20:56:21",$0.01307,3.64%,False
"03/28/2021, 21:02:25",$0.01309,3.03%,False
"03/28/2021, 21:04:56",$0.01309,3.03%,False
"03/28/2021, 21:06:37",$0.01309,3.03%,False
"03/28/2021, 21:09:01",$0.01314,2.98%,False
"03/28/2021, 21:11:46",$0.01314,2.98%,False
"03/28/2021, 21:12:13",$0.01314,2.98%,False
"03/28/2021, 21:14:48",$0.01323,2.15%,False
"03/28/2021, 21:17:34",$0.01323,2.15%,False
"03/28/2021, 21:21:48",$0.01339,11.14%,False
"03/28/2021, 21:25:22",$0.01339,11.14%,False
"03/28/2021, 21:26:50",$0.01348,10.32%,True
"03/28/2021, 21:28:58",$0.01348,10.32%,False
"03/28/2021, 21:32:57",$0.01342,10.84%,False
"03/28/2021, 21:35:32",$0.01342,10.84%,False
"03/28/2021, 21:36:05",$0.01342,10.84%,False
"03/28/2021, 21:38:37",$0.01331,11.57%,False
"03/28/2021, 21:41:33",$0.01331,11.57%,False
"03/28/2021, 21:43:17",$0.01331,11.57%,False
"03/28/2021, 21:44:15",$0.01334,10.52%,False
"03/28/2021, 21:48:54",$0.01334,10.52%,False
"03/28/2021, 21:51:28",$0.01338,10.40%,False
"03/28/2021, 21:51:23",$0.01338,10.40%,True
"03/28/2021, 21:52:49",$0.01338,10.40%,False
"03/28/2021, 21:55:03",$0.01338,10.40%,False
"03/28/2021, 21:57:19",$0.01332,10.51%,False
"03/28/2021, 21:59:20",$0.01332,10.51%,False
"03/28/2021, 22:00:54",$0.01332,10.51%,False
"03/28/2021, 22:03:37",$0.01339,10.70%,False
"03/28/2021, 22:05:41",$0.01339,10.70%,False
"03/28/2021, 22:08:16",$0.01339,10.70%,False
